City,Lat,Lng,Max Temp in F,Humidity,Cloudiness,Wind Speed,Country,Date
san quintin,30.4833,-115.95,59.68399999999999,72,0,2.18,MX,1612670559
salinopolis,-0.6136,-47.3561,78.8,87,62,3.75,BR,1612670969
amahai,-3.3333,128.9167,87.49400000000007,61,70,3.05,ID,1612670969
rikitea,-23.1203,-134.9692,78.17000000000006,72,100,5.97,PF,1612670580
kongwa,-6.2,36.4167,65.408,95,99,0.62,TZ,1612670970
atuona,-9.8,-139.0333,79.77200000000003,81,93,10.5,PF,1612670580
qaanaaq,77.484,-69.3632,12.470000000000063,91,100,2.53,GL,1612670591
nagornskiy,58.7731,57.5451,1.0040000000000546,75,100,3.76,RU,1612670972
sal rei,16.1833,-22.9167,66.2,63,90,8.75,CV,1612670972
hithadhoo,-0.6,73.0833,81.734,74,71,5.1,MV,1612670634
axim,4.8699,-2.2405,79.358,87,67,4.39,GH,1612670973
ambilobe,-13.2,49.05,76.01000000000008,89,68,1.04,MG,1612670612
ostrovnoy,68.0531,39.5131,6.350000000000001,92,100,4.03,RU,1612670579
cidreira,-30.1811,-50.2056,66.48800000000004,78,5,3.2,BR,1612670580
ushuaia,-54.8,-68.3,48.2,76,75,5.66,AR,1612670463
labuan,5.2767,115.2417,86.0,74,20,1.54,MY,1612670638
noumea,-22.2763,166.4572,87.8,66,40,5.14,NC,1612670576
busselton,-33.65,115.3333,60.998000000000026,94,100,0.89,AU,1612670580
saint-francois,46.4154,3.9054,44.99600000000005,93,75,4.63,FR,1612670641
paris,48.8534,2.3488,42.998000000000026,93,90,5.14,FR,1612670772
yellowknife,62.456,-114.3525,-43.00599999999997,66,1,1.03,CA,1612670477
bridlington,54.0831,-0.1919,35.00600000000003,82,100,6.71,GB,1612670648
punta arenas,-53.15,-70.9167,48.2,76,0,5.14,CL,1612670528
ulladulla,-35.35,150.4667,75.2,60,75,6.17,AU,1612670979
saint-denis,48.9167,2.3333,42.998000000000026,93,90,3.09,FR,1612670477
cuenca,-2.8833,-78.9833,57.2,82,86,1.03,EC,1612670980
arraial do cabo,-22.9661,-42.0278,74.87600000000009,83,99,1.44,BR,1612670308
kruisfontein,-34.0033,24.7314,66.99199999999999,79,1,0.89,ZA,1612670601
san policarpo,12.1791,125.5072,81.48200000000001,84,83,6.79,PH,1612670650
tuktoyaktuk,69.4541,-133.0374,-14.799999999999947,76,90,9.77,CA,1612670594
albany,42.6001,-73.9662,21.991999999999997,52,7,0.79,US,1612670406
te anau,-45.4167,167.7167,75.16400000000003,36,1,2.93,NZ,1612670504
norman wells,65.282,-126.8329,-29.199999999999953,75,75,1.54,CA,1612670597
hermanus,-34.4187,19.2345,66.00200000000008,94,97,4.76,ZA,1612670586
shaunavon,49.6501,-108.4181,-9.399999999999949,77,100,3.09,CA,1612670985
kautokeino,69.0125,23.0412,15.080000000000041,93,100,4.25,NO,1612670986
ucluelet,48.9329,-125.5528,42.008,97,34,12.56,CA,1612670820
vestmanna,62.1564,-7.1664,35.6,60,75,7.2,FO,1612670987
esperance,-33.8667,121.9,60.8,94,90,5.66,AU,1612670580
severo-kurilsk,50.6789,156.125,22.244000000000074,93,93,10.33,RU,1612670583
donduseni,48.2427,27.6101,24.494000000000074,90,96,3.62,MD,1612670988
ayan,56.45,138.1667,2.60600000000003,89,100,5.64,RU,1612670989
coahuayana,18.7333,-103.6833,69.62000000000006,86,0,1.2,MX,1612670651
tabou,4.423,-7.3528,78.09800000000003,90,2,3.33,CI,1612670646
belyy yar,53.6039,91.3903,8.600000000000001,85,8,1.0,RU,1612670992
labytnangi,66.6572,66.4183,-21.31599999999996,83,100,9.47,RU,1612670993
mataura,-46.1927,168.8643,78.85400000000006,46,15,1.86,NZ,1612670621
comodoro rivadavia,-45.8667,-67.5,57.2,72,40,3.6,AR,1612670470
labuhan,-6.8844,112.2051,83.21000000000008,80,10,7.35,ID,1612670657
saint-philippe,-21.3585,55.7679,82.4,69,0,2.06,RE,1612670603
naze,28.3667,129.4833,68.0,56,40,4.63,JP,1612670643
filadelfia,39.9523,-75.1638,37.004000000000055,64,90,1.21,US,1612670898
mahibadhoo,3.7833,72.9667,81.21200000000006,74,52,5.53,MV,1612670997
oruro,-17.9833,-67.15,50.66600000000001,73,88,4.77,BO,1612670831
salalah,17.0151,54.0924,73.4,68,75,1.54,OM,1612670413
new norfolk,-42.7826,147.0587,71.00600000000003,45,19,1.34,AU,1612670585
vinderup,56.4752,8.7908,21.991999999999997,79,46,4.63,DK,1612670999
dauriya,49.9333,116.8667,-3.621999999999936,89,97,1.69,RU,1612670999
lompoc,34.6391,-120.4579,51.8,93,90,1.54,US,1612670601
avarua,-21.2078,-159.775,84.2,70,20,5.14,CK,1612670309
tasiilaq,65.6145,-37.6368,32.0,59,20,9.26,GL,1612670605
umm kaddadah,13.6017,26.6876,54.68000000000004,40,0,5.77,SD,1612670630
padang,-0.9492,100.3543,89.6,55,20,0.51,ID,1612670589
mackenzie,55.2999,-123.1698,-9.399999999999949,84,1,1.54,CA,1612671002
baracoa,20.3467,-74.4958,76.04600000000005,86,53,2.47,CU,1612670640
victoria,22.2855,114.1577,77.0,38,0,6.69,HK,1612670557
nelson bay,-32.7167,152.15,80.6,41,75,8.75,AU,1612670429
port blair,11.6667,92.75,84.2,74,40,4.63,IN,1612671004
kodiak,57.79,-152.4072,33.8,60,1,2.57,US,1612670342
lethem,3.3803,-59.7968,78.18800000000005,72,87,5.88,GY,1612671005
carnarvon,-24.8667,113.6333,86.0,100,40,5.66,AU,1612670580
puerto ayora,-0.7393,-90.3518,77.0,95,69,3.23,EC,1612670589
hilo,19.7297,-155.09,75.2,60,90,2.57,US,1612670404
brus laguna,15.75,-84.4833,73.47200000000004,92,0,2.35,HN,1612671007
boa vista,2.8197,-60.6733,80.6,65,0,5.66,BR,1612670969
havoysund,70.9963,24.6622,27.248000000000026,92,100,10.08,NO,1612670951
san cristobal,7.7669,-72.225,65.75,88,100,0.75,VE,1612670646
port elizabeth,-33.918,25.5701,68.0,77,0,5.66,ZA,1612670590
bluff,-46.6,168.3333,61.088000000000044,77,0,5.0,NZ,1612670314
hobart,-42.8794,147.3294,71.00600000000003,48,20,10.29,AU,1612670402
clyde river,70.4692,-68.5914,-11.199999999999946,84,20,1.03,CA,1612670595
saskylakh,71.9167,114.0833,-42.213999999999984,78,22,3.46,RU,1612670520
itaituba,-4.2761,-55.9836,80.6,89,75,0.47,BR,1612671012
balabac,7.9868,117.0645,82.58000000000004,76,100,7.2,PH,1612671012
alofi,-19.0595,-169.9187,84.2,79,100,4.63,NU,1612670624
andenes,69.3143,16.1194,32.0,80,100,7.72,NO,1612670661
talnakh,69.4865,88.3972,-29.163999999999987,72,0,0.65,RU,1612670588
brokopondo,4.75,-55.1667,75.66800000000009,88,100,3.94,SR,1612671014
necochea,-38.5473,-58.7368,57.992,86,49,4.4,AR,1612670592
nikolskoye,59.7035,30.7861,10.399999999999999,79,90,6.0,RU,1612670587
vestmannaeyjar,63.4427,-20.2734,36.55400000000005,81,41,9.71,IS,1612670622
flinders,-34.5833,150.8552,80.99600000000005,60,75,6.17,AU,1612670593
vaini,-21.2,-175.2,82.4,83,75,4.12,TO,1612670583
upernavik,72.7868,-56.1549,19.544000000000075,76,20,2.91,GL,1612670595
arlit,18.7369,7.3853,61.016000000000005,27,76,1.88,NE,1612670639
sibu,2.3,111.8167,82.4,83,40,1.03,MY,1612671018
cape town,-33.9258,18.4232,69.00800000000001,83,40,6.69,ZA,1612670714
luderitz,-26.6481,15.1594,67.02800000000006,73,0,11.06,NA,1612670655
butaritari,3.0707,172.7902,80.924,80,60,9.48,KI,1612670587
arman,59.7,150.1667,15.404000000000053,85,100,7.29,RU,1612670967
saint-augustin,51.226,-58.6502,28.670000000000062,96,99,10.51,CA,1612670656
mbuji-mayi,-6.15,23.6,70.07000000000006,90,98,0.6,CD,1612671022
chuy,-33.6971,-53.4616,66.00200000000008,90,0,3.21,UY,1612670500
kapaa,22.0752,-159.319,71.6,56,75,1.54,US,1612670338
neresnytsya,48.1181,23.7659,41.0,100,75,0.51,UA,1612671024
taltal,-25.4,-70.4833,63.464000000000034,76,5,1.05,CL,1612670471
dikson,73.5069,80.5464,-27.597999999999978,87,91,4.49,RU,1612670604
san jose,37.3394,-121.895,57.2,62,40,0.71,US,1612670900
fukue,32.6881,128.8419,57.2,67,20,5.14,JP,1612670483
vardo,70.3705,31.1107,26.00600000000003,92,99,12.5,NO,1612670624
souillac,-20.5167,57.5167,77.0,94,40,1.54,MU,1612670599
seymchan,62.8833,152.4333,-10.47999999999994,86,100,1.2,RU,1612671030
coatesville,39.9832,-75.8238,33.998000000000026,69,1,1.24,US,1612671030
nantucket,41.2835,-70.0995,37.99400000000007,75,1,3.09,US,1612670636
guarapari,-20.6667,-40.4975,73.99400000000007,88,90,3.09,BR,1612670478
muroto,33.2833,134.15,60.8,36,20,3.09,JP,1612670642
inongo,-1.95,18.2667,75.03800000000004,87,88,1.56,CD,1612671032
roma,43.2128,-75.4557,14.0,72,1,1.27,US,1612670785
sayyan,15.1718,44.3244,44.780000000000044,77,0,1.94,YE,1612670478
georgetown,5.4112,100.3354,87.8,66,20,1.54,MY,1612670537
san patricio,28.017,-97.5169,62.6,82,1,1.54,US,1612670617
staryy oskol,51.2967,37.8417,-1.6239999999999597,90,11,4.53,RU,1612671034
jamestown,42.097,-79.2353,14.0,62,1,2.57,US,1612670583
lasa,46.6166,10.7002,39.00200000000008,100,90,3.09,IT,1612670661
lewisporte,49.2499,-55.0482,33.8,93,40,4.12,CA,1612671036
bredasdorp,-34.5322,20.0403,64.4,94,99,1.03,ZA,1612670315
longyearbyen,78.2186,15.6401,14.0,79,75,6.69,SJ,1612670482
lebu,-37.6167,-73.65,57.32600000000009,93,17,1.24,CL,1612670600
namatanai,-3.6667,152.4333,85.60400000000006,65,75,3.51,PG,1612670606
barrow,71.2906,-156.7887,-3.9999999999999503,71,90,7.2,US,1612670583
ponta do sol,32.6667,-17.1,55.004000000000055,64,25,1.34,PT,1612670588
lavrentiya,65.5833,-171.0,-12.171999999999933,79,0,1.9,RU,1612670614
srednekolymsk,67.45,153.6833,-12.369999999999962,83,5,0.71,RU,1612670642
kutum,14.2,24.6667,44.61800000000009,57,19,3.4,SD,1612670605
keetmanshoop,-26.5833,18.1333,68.66600000000001,44,0,2.63,NA,1612671041
pozo colorado,-23.4923,-58.7972,66.12800000000007,77,0,1.56,PY,1612671042
alekseyevsk,57.8406,108.3492,12.758000000000003,93,100,4.78,RU,1612670648
kahului,20.8947,-156.47,73.4,56,20,3.6,US,1612670614
bandarbeyla,9.4942,50.8122,75.93800000000005,78,19,6.0,SO,1612670649
sao filipe,14.8961,-24.4956,68.558,75,19,6.74,CV,1612670596
aklavik,68.2191,-135.0107,-16.59999999999995,76,100,2.57,CA,1612670645
charters towers,-20.1,146.2667,91.5260000000001,46,100,2.8,AU,1612670627
tiksi,71.6872,128.8694,-25.401999999999973,85,100,2.71,RU,1612670590
east london,-33.0153,27.9116,66.2,94,20,5.14,ZA,1612670586
sakakah,29.9697,40.2064,44.6,76,0,4.12,SA,1612670933
puerto escondido,15.85,-97.0667,76.87400000000001,75,0,2.65,MX,1612670677
mar del plata,-38.0023,-57.5575,64.00400000000005,77,20,5.14,AR,1612670348
kyren,51.6828,102.1408,18.283999999999992,85,12,0.34,RU,1612671048
mount gambier,-37.8333,140.7667,64.4,59,90,8.23,AU,1612670622
key west,24.5557,-81.7826,73.4,94,75,3.6,US,1612670752
zhezkazgan,47.8043,67.7144,14.738000000000046,95,44,6.76,KZ,1612671050
manta,-0.95,-80.7333,78.8,83,75,1.03,EC,1612670418
mount isa,-20.7333,139.5,80.6,89,90,4.12,AU,1612670304
san-pedro,4.7485,-6.6363,77.558,92,0,2.53,CI,1612671051
mahon,39.8885,4.2658,53.6,87,20,3.6,ES,1612671051
strezhevoy,60.7333,77.5889,33.8,93,90,6.0,RU,1612671052
torbay,47.6666,-52.7314,37.99400000000007,100,90,10.8,CA,1612670594
tabas,33.5959,56.9244,44.6,29,43,1.03,IR,1612670663
umm lajj,25.0213,37.2685,66.434,52,0,8.3,SA,1612671053
chaoyang,41.5703,120.4586,22.85600000000003,67,0,7.14,CN,1612671054
vao,-22.6667,167.4833,78.54800000000003,80,0,5.09,NC,1612671055
kazachinskoye,57.6953,93.2761,25.28600000000007,96,100,2.83,RU,1612671055
williams lake,52.1415,-122.1445,14.0,79,90,4.12,CA,1612670964
sitka,57.0531,-135.33,32.0,55,20,2.06,US,1612670550
nome,64.5011,-165.4064,14.0,79,90,4.63,US,1612670630
zhangye,38.9342,100.4517,42.728000000000065,39,22,2.15,CN,1612671057
bengkulu,-3.8004,102.2655,86.72000000000006,53,79,3.39,ID,1612670585
ribeira grande,38.5167,-28.7,61.23200000000001,89,94,9.82,PT,1612670586
mayenne,48.3333,-0.6667,37.4,93,90,3.6,FR,1612670897
kavieng,-2.5744,150.7967,85.13600000000007,63,35,1.76,PG,1612670629
jasper,37.2001,-94.3502,24.8,74,90,4.12,US,1612671060
bundibugyo,0.7414,30.0417,70.484,42,32,1.64,UG,1612671060
dwarka,22.2394,68.9678,71.34800000000003,47,0,7.28,IN,1612670679
alyangula,-13.8483,136.4192,86.0,70,90,8.75,AU,1612671061
koumac,-20.5667,164.2833,82.61600000000001,62,36,3.85,NC,1612671062
bara,10.3744,10.7288,68.45,24,100,3.09,NG,1612670646
port alfred,-33.5906,26.891,69.00800000000001,81,37,1.79,ZA,1612670630
codrington,-38.2667,141.9667,62.67200000000004,59,86,6.84,AU,1612670624
sikasso,10.9167,-7.0,73.32800000000006,23,78,1.34,ML,1612671064
mananjary,-21.2167,48.3333,80.42000000000006,79,91,4.44,MG,1612671064
faya,18.3851,42.4509,48.2,87,0,1.65,SA,1612670652
karatau,43.1667,70.4667,39.83000000000004,80,100,2.98,KZ,1612671066
ferry pass,30.5102,-87.2125,48.2,93,90,2.57,US,1612671066
makat,47.6469,53.3463,25.10600000000003,83,60,4.02,KZ,1612670945
vila velha,-20.3297,-40.2925,73.99400000000007,88,90,3.09,BR,1612670534
kerema,-7.9631,145.7785,86.30600000000003,66,74,3.39,PG,1612670937
geraldton,-28.7667,114.6,75.2,69,90,9.77,AU,1612670595
vila franca do campo,37.7167,-25.4333,60.008,94,75,7.72,PT,1612670611
benin,9.5,2.25,71.34800000000003,23,93,0.39,BJ,1612671070
denpasar,-8.65,115.2167,87.8,66,20,2.06,ID,1612671071
isangel,-19.55,169.2667,87.8,70,40,2.57,VU,1612670639
newport,51.5877,-2.9984,39.00200000000008,89,100,8.99,GB,1612671072
pouebo,-20.4,164.5667,82.184,64,29,2.17,NC,1612671073
vagur,61.4732,-6.8119,37.202000000000076,77,100,9.78,FO,1612671073
jones,16.5571,121.7029,81.93200000000002,74,59,1.9,PH,1612671074
pangkalanbuun,-2.6833,111.6167,91.16600000000001,55,97,1.8,ID,1612670823
viedma,-40.8135,-62.9967,60.998000000000026,76,97,7.95,AR,1612671075
kuragino,53.8975,92.6725,18.068000000000087,94,10,2.06,RU,1612671077
apen,53.2167,7.8,26.99600000000005,71,100,4.02,DE,1612671077
alta,69.9689,23.2717,26.99600000000005,80,90,5.66,NO,1612671078
laguna,38.421,-121.4238,51.008,76,1,1.55,US,1612670591
vieira de leiria,39.8695,-8.9324,50.0,62,40,5.14,PT,1612671079
santa rita,-7.1139,-34.9781,77.0,88,20,1.03,BR,1612671080
tabuk,17.4189,121.4443,82.74199999999999,69,53,1.39,PH,1612671080
camacha,33.0833,-16.3333,57.2,72,20,4.63,PT,1612670650
thompson,55.7435,-97.8558,-29.199999999999953,62,40,5.14,CA,1612670297
dhidhdhoo,6.8833,73.1,81.35600000000002,69,15,5.02,MV,1612671083
stettler,52.3168,-112.7186,-18.39999999999995,91,100,1.03,CA,1612671084
mahebourg,-20.4081,57.7,77.0,94,40,1.54,MU,1612670599
namtsy,62.7161,129.6658,-36.39999999999995,61,96,2.0,RU,1612671085
tocopilla,-22.092,-70.1979,67.01000000000008,69,14,0.26,CL,1612671086
tomball,30.0972,-95.6161,55.99400000000007,67,1,3.09,US,1612671006
dryden,49.7833,-92.7503,-20.199999999999953,69,90,6.17,CA,1612671087
diu,20.7141,70.9822,72.21200000000006,30,0,8.67,IN,1612670837
cherskiy,68.75,161.3,-4.179999999999936,81,0,1.32,RU,1612670601
kaitangata,-46.2817,169.8464,66.00200000000008,74,1,4.02,NZ,1612670585
provideniya,64.3833,-173.3,-2.4339999999999407,86,1,3.97,RU,1612670588
guane,22.2025,-84.0875,75.95600000000003,90,1,4.69,CU,1612671090
dudinka,69.4058,86.1778,-35.73399999999995,80,0,3.91,RU,1612671091
panzhihua,26.5851,101.7128,57.992,48,0,0.13,CN,1612671091
anadyr,64.75,177.4833,-11.001999999999974,77,0,2.0,RU,1612670600
ust-nera,64.5667,143.2,-19.33599999999997,78,29,2.4,RU,1612671092
wenceslau braz,-23.8739,-49.8028,64.99400000000007,99,1,1.79,BR,1612670893
ancud,-41.8697,-73.8203,59.0,58,0,1.03,CL,1612670622
port lincoln,-34.7333,135.8667,64.49000000000002,63,85,5.92,AU,1612670618
san fernando,15.0286,120.6898,89.99600000000005,58,40,5.14,PH,1612671095
castro,-24.7911,-50.0119,60.74600000000005,90,67,4.3,BR,1612670624
copiapo,-27.3667,-70.3333,60.8,82,90,3.6,CL,1612671096
klaksvik,62.2266,-6.589,35.6,60,75,7.2,FO,1612670661
umea,63.8284,20.2597,12.2,92,0,3.6,SE,1612671098
lima,-12.0432,-77.0282,75.00200000000008,78,0,3.6,PE,1612671098
chokurdakh,70.6333,147.9167,-24.843999999999973,85,60,2.43,RU,1612670588
hobyo,5.3505,48.5268,77.19800000000002,79,1,6.96,SO,1612671099
bure,10.7,37.0667,50.54000000000002,47,99,1.6,ET,1612670829
cayenne,4.9333,-52.3333,75.2,100,90,2.06,GF,1612670644
inegol,40.0781,29.5133,33.8,100,23,0.51,TR,1612671101
novyy urengoy,66.0833,76.6333,-15.969999999999956,88,100,7.0,RU,1612670821
ialibu,-6.2821,143.9935,68.52200000000003,84,94,1.17,PG,1612671102
sao miguel do araguaia,-13.275,-50.1628,72.01400000000004,98,100,3.43,BR,1612670433
husavik,66.0449,-17.3389,32.0,74,90,2.57,IS,1612670609
kloulklubed,7.0419,134.2556,82.4,89,75,5.66,PW,1612670341
la ronge,55.1001,-105.2842,-27.399999999999956,68,23,2.57,CA,1612670645
alaca,40.1683,34.8425,42.56600000000001,64,0,2.17,TR,1612671105
atbasar,51.8,68.3333,5.720000000000063,92,100,11.19,KZ,1612670652
fuerte olimpo,-21.0415,-57.8738,67.35200000000007,65,0,1.2,PY,1612671106
bambous virieux,-20.3428,57.7575,82.00400000000005,94,40,1.54,MU,1612670600
chato,-2.6378,31.7669,68.21600000000001,79,87,1.3,TZ,1612671107
nehe,48.4833,124.8333,0.01400000000003132,85,0,3.76,CN,1612671108
maralal,1.0968,36.698,56.01200000000006,88,1,1.51,KE,1612671108
batticaloa,7.7102,81.6924,80.58200000000002,81,18,5.4,LK,1612670651
ilulissat,69.2167,-51.1,28.4,40,0,10.8,GL,1612670607
bethel,41.3712,-73.414,32.0,68,1,1.51,US,1612670546
kamenka,51.3223,42.7678,3.9919999999999973,81,98,5.32,RU,1612670594
kamaishi,39.2667,141.8833,37.4,93,75,3.09,JP,1612670568
atar,20.5169,-13.0499,55.274000000000015,46,25,5.74,MR,1612670625
cockburn town,21.4612,-71.1419,77.16200000000006,78,0,9.88,TC,1612670636
oistins,13.0667,-59.5333,78.8,65,40,9.26,BB,1612671112
ekibastuz,51.6667,75.3667,22.783999999999992,92,52,13.2,KZ,1612671112
lorengau,-2.0226,147.2712,83.73200000000001,80,95,3.44,PG,1612670604
maumere,-8.6199,122.2111,84.18200000000002,69,41,1.74,ID,1612670641
aloleng,16.1307,119.7824,85.316,64,37,0.84,PH,1612671114
prince rupert,54.3161,-130.3201,39.2,75,90,3.09,CA,1612671114
grand gaube,-20.0064,57.6608,82.00400000000005,79,1,2.24,MU,1612670608
severnoye,56.3491,78.3619,26.978000000000065,98,100,7.72,RU,1612671115
bastia,42.6667,9.3333,55.99400000000007,100,90,1.03,FR,1612671065
verkh-chebula,56.0308,87.6218,31.478000000000065,95,47,3.78,RU,1612671116
nishihara,26.1842,127.7558,71.6,53,40,5.14,JP,1612670559
bambanglipuro,-7.95,110.2833,87.85400000000006,62,56,1.68,ID,1612671117
bathsheba,13.2167,-59.5167,77.0,73,40,9.26,BB,1612670312
bijar,35.8668,47.6051,37.09400000000007,97,100,0.72,IR,1612671118
mae sai,20.4335,99.8762,80.99600000000005,73,40,1.03,TH,1612670663
weligama,5.9667,80.4167,81.5,74,79,1.13,LK,1612671102
khatanga,71.9667,102.5,-34.59999999999995,78,0,4.03,RU,1612670619
rantoul,40.3084,-88.1559,8.996000000000048,85,40,6.17,US,1612670841
ipueiras,-7.0333,-40.45,71.99600000000005,62,6,3.93,BR,1612671120
kaura namoda,12.5898,6.5779,64.058,26,53,4.34,NG,1612671120
mopti,14.6667,-4.0,75.2,27,0,4.12,ML,1612671121
khani,41.9563,42.9566,46.4,87,90,5.14,GE,1612670645
parakou,9.3372,2.6303,72.32000000000006,30,11,0.99,BJ,1612671122
udachnyy,66.4167,112.4,-29.667999999999985,81,6,3.4,RU,1612671122
horsham,51.064,-0.3272,37.4,87,75,6.69,GB,1612671123
yeniseysk,58.4497,92.1703,30.038000000000046,97,100,3.53,RU,1612671123
kasongo-lunda,-6.4667,16.8167,71.99600000000005,88,100,0.7,CD,1612671124
letterkenny,54.95,-7.7333,34.03399999999999,91,42,4.36,IE,1612671124
moose factory,51.2585,-80.6094,-5.799999999999947,77,90,2.57,CA,1612670530
bucerias,20.75,-105.3333,69.99800000000002,88,1,1.33,MX,1612671125
cap malheureux,-19.9842,57.6142,82.00400000000005,79,1,2.24,MU,1612670618
paka,4.6374,103.4368,84.2,74,20,3.09,MY,1612671126
yeppoon,-23.1333,150.7333,98.6,36,75,2.57,AU,1612671126
broken hill,-31.95,141.4333,75.2,41,0,7.2,AU,1612670638
huangmei,30.1924,116.025,61.64600000000005,51,84,1.71,CN,1612671127
akyab,20.15,92.9,74.174,40,0,3.18,MM,1612671128
zhanjiang,21.2815,110.3427,75.88399999999999,49,0,4.56,CN,1612671129
kaspiyskiy,45.3929,47.3707,33.09800000000003,96,100,4.63,RU,1612671129
camocim,-2.9022,-40.8411,77.18000000000004,86,0,4.34,BR,1612671130
dickinson,29.4608,-95.0513,59.0,67,1,3.09,US,1612670940
kirksville,40.1948,-92.5833,1.0040000000000546,85,1,1.54,US,1612671131
skowhegan,44.7651,-69.7192,26.6,50,1,4.63,US,1612671132
popondetta,-8.7537,148.2534,89.54600000000005,59,94,3.09,PG,1612671132
mezen,65.8522,44.24,-20.32599999999993,88,12,2.83,RU,1612670658
tuatapere,-46.1333,167.6833,67.316,57,5,3.29,NZ,1612670597
nouadhibou,20.931,-17.0347,60.8,72,0,9.26,MR,1612671134
ankazobe,-18.3167,47.1167,64.4,100,75,2.06,MG,1612671134
kaisiadorys,54.8667,24.45,-2.9919999999999476,77,90,0.97,LT,1612671135
narsaq,60.9167,-46.05,46.4,25,75,9.26,GL,1612670626
hokitika,-42.7167,170.9667,65.80400000000006,67,0,2.77,NZ,1612670653
deputatskiy,69.3,139.9,-30.09999999999995,84,21,0.6,RU,1612670593
port pirie,-33.1833,138.0167,71.6,49,20,7.2,AU,1612671136
adrar,20.5022,-10.0711,53.76200000000006,43,99,5.32,MR,1612670600
ormara,25.2088,64.6357,68.82800000000006,31,0,1.58,PK,1612671137
kawalu,-7.3817,108.2082,89.79800000000003,51,41,1.41,ID,1612671138
tateyama,34.9833,139.8667,59.0,58,20,3.6,JP,1612671139
mishelevka,52.8575,103.1719,13.424000000000014,91,99,1.86,RU,1612671129
cedral,23.8,-100.7333,56.21000000000008,34,0,1.9,MX,1612671142
fortuna,40.5982,-124.1573,46.99400000000007,100,90,3.6,US,1612670562
raudeberg,61.9875,5.1352,24.008000000000003,68,0,4.63,NO,1612670601
bundaberg,-24.85,152.35,91.4,49,40,6.17,AU,1612671144
berlevag,70.8578,29.0864,26.078000000000067,92,100,11.62,NO,1612670654
bungu,-7.6337,39.0582,73.02200000000003,95,99,1.07,TZ,1612671145
scarborough,54.2797,-0.4044,35.00600000000003,80,100,3.13,GB,1612670855
konstancin-jeziorna,52.0938,21.1176,12.991999999999997,73,20,5.14,PL,1612671146
leningradskiy,69.3833,178.4167,-11.28999999999997,73,9,2.55,RU,1612670615
aksarka,66.5606,67.7975,-32.31399999999999,83,100,10.34,RU,1612670638
bassar,9.25,0.7833,77.0,36,21,0.1,TG,1612671148
sangar,63.9242,127.4739,-27.885999999999967,80,22,5.14,RU,1612671148
sobolevo,54.4299,31.8996,-5.691999999999943,91,56,3.34,RU,1612670614
manacapuru,-3.2997,-60.6206,75.2,100,40,1.56,BR,1612671149
batemans bay,-35.7167,150.1833,73.99400000000007,67,40,1.79,AU,1612670646
fez,34.0372,-4.9998,46.4,87,75,7.2,MA,1612671150
bhiwandi,19.3,73.0667,78.8,27,0,4.12,IN,1612671150
lagoa,39.05,-27.9833,60.22400000000001,91,98,12.46,PT,1612670607
natal,-5.795,-35.2094,77.0,88,20,1.54,BR,1612670631
aksu,41.1231,80.2644,37.90400000000005,60,100,1.04,CN,1612670638
airai,-8.9266,125.4092,73.16600000000001,79,42,2.59,TL,1612670603
burnie,-41.0667,145.9167,73.00400000000005,85,3,2.24,AU,1612670645
olafsvik,64.8945,-23.7142,34.23200000000001,82,13,6.95,IS,1612670575
zhoucheng,35.9122,116.3117,48.07400000000001,48,63,6.19,CN,1612671155
emporia,38.4039,-96.1817,10.399999999999999,85,90,5.66,US,1612670631
bo rai,12.5728,102.5371,93.00200000000008,74,20,1.45,TH,1612671156
mayya,61.7333,130.2811,-36.39999999999995,61,100,2.0,RU,1612671156
nanortalik,60.1432,-45.2371,26.99600000000005,93,100,1.45,GL,1612670620
belmonte,-15.8631,-38.8828,77.0,88,20,2.57,BR,1612670627
ouesso,1.6136,16.0517,73.23800000000004,81,29,1.37,CG,1612671158
aldan,58.6031,125.3894,-9.885999999999967,85,93,0.45,RU,1612671158
voznesenye,61.0106,35.4781,10.291999999999994,94,100,3.72,RU,1612671159
north bend,43.4065,-124.2243,46.99400000000007,100,90,2.06,US,1612670635
egvekinot,66.3167,-179.1667,-8.10399999999995,74,0,2.68,RU,1612671160
genhe,50.7833,121.5167,-0.09399999999997277,83,43,1.17,CN,1612670928
inuvik,68.3499,-133.7218,-11.199999999999946,76,100,2.57,CA,1612671161
jiayuguan,39.8167,98.3,36.158,55,100,1.55,CN,1612671161
kulhudhuffushi,6.6221,73.07,81.46400000000003,70,29,5.0,MV,1612670648
iberia,29.9502,-91.7507,57.992,94,90,4.63,US,1612671162
kapit,2.0167,112.9333,84.48800000000004,80,100,0.91,MY,1612670623
pangnirtung,66.1451,-65.7125,22.891999999999996,80,79,1.18,CA,1612670584
stratos,38.6667,21.3167,51.8,93,0,5.14,GR,1612671164
miravci,41.3078,22.435,46.99400000000007,93,58,0.36,MK,1612671165
tiznit,29.5833,-9.5,47.588000000000044,89,53,5.48,MA,1612671165
launceston,-41.45,147.1667,73.99400000000007,40,0,5.14,AU,1612671165
bloomingdale,27.8936,-82.2404,71.6,94,90,3.09,US,1612671166
katsuura,35.1333,140.3,62.00600000000003,47,0,3.6,JP,1612670589
abu samrah,35.3029,37.1841,48.254000000000055,75,0,2.48,SY,1612670606
petropavlovsk-kamchatskiy,53.0452,158.6483,26.6,74,75,2.0,RU,1612671162
dakar,14.6937,-17.4441,64.4,77,26,6.17,SN,1612670620
pevek,69.7008,170.3133,-7.743999999999971,87,0,2.01,RU,1612670624
springbok,-29.6643,17.8865,56.3,79,0,1.06,ZA,1612671170
praia da vitoria,38.7333,-27.0667,60.8,82,40,6.71,PT,1612670632
luau,-10.7073,22.2247,65.39000000000001,99,100,2.17,AO,1612671171
izumo,35.3667,132.7667,53.6,71,75,5.66,JP,1612671171
sola,-13.8833,167.55,87.8,71,75,1.47,VU,1612670611
tautira,-17.7333,-149.15,75.2,88,75,14.4,PF,1612670594
bukachacha,52.9833,116.9167,3.4880000000000457,81,41,0.55,RU,1612670956
asau,46.4333,26.4,26.99600000000005,74,100,1.5,RO,1612670601
ndjole,-0.1783,10.7649,74.04800000000003,95,86,0.52,GA,1612671174
iqaluit,63.7506,-68.5145,24.8,68,90,2.57,CA,1612670635
rudnogorsk,57.2639,103.7519,15.332000000000015,97,100,4.28,RU,1612671176
sao joao da barra,-21.6403,-41.0511,71.07800000000006,94,100,6.31,BR,1612670518
richards bay,-28.783,32.0377,72.80600000000003,86,62,3.68,ZA,1612670599
kungurtug,50.5994,97.5228,14.81000000000008,87,0,0.78,RU,1612671178
havre-saint-pierre,50.2334,-63.5986,26.6,93,90,15.43,CA,1612670957
barbastro,42.0356,0.1269,42.8,81,0,6.69,ES,1612671179
belen,36.4891,36.2233,46.4,100,6,1.54,TR,1612671180
nobeoka,32.5833,131.6667,53.00600000000003,67,0,4.92,JP,1612671181
monrovia,6.3005,-10.7969,75.2,100,40,2.05,LR,1612670456
artesia,33.8658,-118.0831,59.0,58,1,2.06,US,1612671182
archidona,37.0965,-4.3887,51.998000000000026,83,95,0.89,ES,1612671183
liuzhou,24.3126,109.3892,79.142,39,10,4.09,CN,1612671183
saint-pierre,-21.3393,55.4781,82.4,69,0,2.06,RE,1612670608
pelym,61.0108,61.9978,-16.365999999999957,88,100,6.18,RU,1612670630
hay river,60.8156,-115.7999,-34.59999999999995,67,9,1.03,CA,1612670640
krasnovishersk,60.4078,57.082,-0.9219999999999331,92,100,2.8,RU,1612671185
bubaque,11.2833,-15.8333,77.70200000000008,51,52,10.03,GW,1612670600
ruyigi,-3.45,30.3167,60.89000000000002,93,97,0.71,BI,1612671186
kenai,60.5544,-151.2583,15.998000000000026,86,90,2.57,US,1612670594
istok,42.7808,20.4875,33.8,86,0,1.03,XK,1612671187
lembeni,-3.7833,37.6167,70.39400000000008,88,100,0.88,TZ,1612671187
kindu,-2.95,25.95,70.43000000000004,92,93,0.78,CD,1612670342
carutapera,-1.195,-46.02,77.54000000000002,87,77,2.29,BR,1612671188
atambua,-9.1061,124.8925,80.924,79,71,3.52,ID,1612670672
saint anthony,45.0205,-93.218,-9.399999999999949,64,1,4.63,US,1612670618
huarmey,-10.0681,-78.1522,71.36600000000001,76,100,3.26,PE,1612670625
fairbanks,64.8378,-147.7164,-5.007999999999953,77,90,0.86,US,1612671033
angoche,-16.2325,39.9086,76.892,90,100,2.71,MZ,1612671191
zverinogolovskoye,54.4586,64.8542,8.276000000000089,91,100,10.66,RU,1612671192
phek,25.6667,94.5,58.082000000000015,62,5,0.34,IN,1612671192
pacific grove,36.6177,-121.9166,51.998000000000026,82,1,2.06,US,1612670666
bereda,43.2686,-7.5406,35.99600000000005,100,78,3.13,ES,1612670651
meadow lake,34.8014,-106.5436,42.8,16,1,2.06,US,1612670534
brainerd,46.358,-94.2008,-14.799999999999947,64,1,3.09,US,1612671194
turukhansk,65.8167,87.9833,-9.651999999999973,87,72,3.14,RU,1612670650
ponta delgada,37.7333,-25.6667,60.008,94,75,7.72,PT,1612670632
aswan,24.0934,32.907,55.004000000000055,66,0,2.54,EG,1612670582
gucheng,35.9115,111.3192,51.188000000000045,38,100,0.65,CN,1612671196
arvika,59.6553,12.5852,17.6,86,90,4.12,SE,1612671197
avera,33.194,-82.5271,39.2,91,90,4.12,US,1612670605
krasnyy chikoy,50.3643,108.7512,6.710000000000083,88,95,1.01,RU,1612671198
bronnoysund,65.4625,12.1997,23.0,80,8,2.57,NO,1612671199
alexandria,31.2156,29.9553,55.4,94,0,1.54,EG,1612671199
athens,37.9795,23.7162,59.0,81,0,1.07,GR,1612671200
cabo san lucas,22.8909,-109.9124,66.2,68,20,1.54,MX,1612671156
marienburg,54.0359,19.0266,6.998000000000026,92,0,1.54,PL,1612670654
milkovo,54.7167,158.6167,21.218000000000085,96,99,0.49,RU,1612670970
gizo,-8.103,156.8419,83.24600000000005,72,100,2.34,SB,1612670647
malanje,-9.5402,16.341,63.158,99,100,2.12,AO,1612671202
riyadh,24.6877,46.7219,55.4,71,0,3.6,SA,1612670418
caravelas,-17.7125,-39.2481,78.00800000000001,86,100,4.38,BR,1612670639
faanui,-16.4833,-151.75,82.59800000000003,68,1,5.01,PF,1612670959
snyatyn,48.4469,25.5694,24.404000000000053,98,100,4.9,UA,1612671205
okato,-39.2,173.8833,71.00600000000003,70,86,3.58,NZ,1612671205
podosinovets,60.2776,47.0659,-11.505999999999979,87,100,4.94,RU,1612671206
mahajanga,-15.7167,46.3167,80.6,89,40,1.54,MG,1612671206
brae,60.3964,-1.353,33.8,64,90,7.72,GB,1612670911
uruzgan,32.8333,66.0,48.36200000000006,48,78,2.78,AF,1612670626
funtua,11.5233,7.3081,61.23200000000001,29,98,4.04,NG,1612671207
los llanos de aridane,28.6585,-17.9182,60.8,63,0,2.06,ES,1612670960
kununurra,-15.7667,128.7333,89.6,70,40,3.09,AU,1612670640
saint george,37.1041,-113.5841,51.008,31,1,1.54,US,1612671209
muros,42.7762,-9.0603,44.00600000000003,93,40,1.54,ES,1612670917
pemangkat,1.1667,108.9667,82.058,79,66,4.07,ID,1612671146
melk,48.2274,15.3319,35.00600000000003,2,100,2.9,AT,1612671210
jumla,29.2747,82.1838,46.346000000000046,45,0,2.46,NP,1612670929
billings,45.7833,-108.5007,3.9919999999999973,85,90,6.17,US,1612671192
lakatoro,-16.0999,167.4164,84.83000000000004,61,23,3.57,VU,1612670649
bilibino,68.0546,166.4372,-5.025999999999939,78,0,1.48,RU,1612670623
minas,-34.3759,-55.2377,64.4,94,20,1.03,UY,1612671213
pipri,19.8,75.5333,60.8,44,0,5.35,IN,1612671213
lata,40.1629,-8.3327,48.992,76,43,1.34,PT,1612671214
reconquista,-29.15,-59.65,66.66800000000009,64,0,2.52,AR,1612671014
guara,-20.4283,-47.8242,65.53399999999999,84,0,1.09,BR,1612671215
chabahar,25.2919,60.643,66.70400000000005,53,0,1.93,IR,1612671215
achinsk,56.2694,90.4993,22.441999999999997,95,100,5.59,RU,1612671215
gold coast,-28.0,153.4333,89.99600000000005,65,24,5.66,AU,1612671132
guerrero negro,27.9769,-114.0611,61.952000000000076,60,0,3.36,MX,1612670934
karratha,-20.7377,116.8463,84.63200000000002,50,3,5.4,AU,1612670622
hualmay,-11.0964,-77.6139,70.86200000000005,78,100,2.95,PE,1612671217
chulman,56.8479,124.9104,-11.271999999999935,86,94,0.97,RU,1612671218
jalu,29.0331,21.5482,56.33600000000007,46,0,3.9,LY,1612670634
lerwick,60.1545,-1.1494,33.8,64,90,7.72,GB,1612670659
fort nelson,58.8053,-122.7002,-25.59999999999995,68,1,1.03,CA,1612670329
gamboma,-1.8764,15.8644,74.35400000000006,85,84,1.62,CG,1612671220
gazojak,41.1875,61.4036,43.358000000000004,58,95,3.44,TM,1612671220
saint-louis,16.3333,-15.0,64.4,59,0,1.03,SN,1612671221
carndonagh,55.25,-7.2667,37.07600000000009,79,99,7.96,IE,1612670623
gijon,43.5357,-5.6615,44.99600000000005,89,91,2.51,ES,1612671221
diban,35.0365,40.5167,50.233999999999995,66,0,3.73,SY,1612671222
saint-joseph,-21.3667,55.6167,82.4,69,0,2.06,RE,1612670623
aviles,43.5547,-5.9248,44.99600000000005,81,0,4.63,ES,1612671224
kassala,15.451,36.4,53.88800000000005,81,0,3.39,SD,1612671224
westport,41.1415,-73.3579,37.4,56,1,1.54,US,1612670595
margate,51.3813,1.3862,35.99600000000005,86,100,1.79,GB,1612670668
quelimane,-17.8786,36.8883,78.8,94,40,1.54,MZ,1612671226
yulara,-25.2406,130.9889,93.2,20,0,3.6,AU,1612670941
armidale,-30.5167,151.65,75.00200000000008,60,87,1.34,AU,1612671227
wenling,28.3669,121.36,68.0,75,60,2.15,CN,1612670648
itoman,26.1247,127.6694,71.6,68,40,5.66,JP,1612671228
raymond,43.9015,-70.4703,26.00600000000003,64,0,4.73,US,1612671229
caraz,-9.0486,-77.81,60.38600000000007,56,100,3.18,PE,1612671229
yenagoa,4.9247,6.2642,77.9,92,15,1.49,NG,1612670982
beringovskiy,63.05,179.3167,-8.823999999999963,90,65,5.01,RU,1612670643
vanavara,60.34,102.2797,16.628000000000064,96,100,4.68,RU,1612670632
santa ana,33.7456,-117.8678,59.0,67,1,1.27,US,1612670845
acajutla,13.5928,-89.8275,75.542,76,0,2.57,SV,1612671232
whitecourt,54.1502,-115.6855,-16.59999999999995,76,20,5.66,CA,1612671232
wajima,37.4,136.9,41.0,87,75,2.57,JP,1612671233
mehamn,71.0357,27.8492,25.268000000000086,96,100,10.26,NO,1612671163
batagay-alyta,67.8006,130.4114,-25.41999999999996,83,100,0.77,RU,1612671193
kuusamo,65.9667,29.1833,17.6,93,90,6.17,FI,1612671235
trinidad,-14.8333,-64.9,75.29000000000002,84,49,0.95,BO,1612671235
dawson creek,55.7666,-120.2362,-30.999999999999957,68,1,1.04,CA,1612671236
lamu,-2.2717,40.902,76.46000000000008,86,3,3.46,KE,1612671236
the valley,18.217,-63.0578,78.8,73,20,7.2,AI,1612671237
diffa,13.3154,12.6113,61.10600000000003,43,86,4.43,NE,1612671198
lebork,54.5392,17.7501,15.008000000000003,92,0,1.54,PL,1612671237
abnub,27.2696,31.1511,50.0,87,0,1.64,EG,1612670940
saldanha,-33.0117,17.9442,66.2,88,2,2.57,ZA,1612671238
kadoshkino,54.0257,44.4191,-9.957999999999956,90,100,5.45,RU,1612671239
xiongzhou,25.1167,114.3,81.89600000000004,37,0,0.57,CN,1612671239
kaifeng,34.7911,114.3483,42.8,45,88,7.0,CN,1612671240
isla vista,34.4133,-119.861,57.992,82,1,1.54,US,1612670679
uruacu,-14.5247,-49.1408,69.94400000000007,96,100,3.03,BR,1612671241
omboue,-1.5746,9.2618,78.42200000000004,85,100,3.57,GA,1612671241
choya,52.0108,86.5467,30.164000000000033,94,46,2.09,RU,1612671243
palm bay,28.0345,-80.5887,71.99600000000005,100,1,4.63,US,1612671069
port macquarie,-31.4333,152.9167,84.00200000000008,53,86,0.89,AU,1612671244
auki,-8.7676,160.7034,74.80400000000006,93,100,4.68,SB,1612671244
don sak,9.3168,99.6918,87.00800000000001,74,20,6.69,TH,1612671245
sergach,55.5308,45.4661,-5.385999999999967,90,100,5.91,RU,1612671245
mujiayingzi,42.1167,118.7833,14.414000000000033,83,0,4.02,CN,1612671246
linxia,35.6003,103.2064,38.13800000000005,54,99,0.61,CN,1612671246
tarko-sale,64.9225,77.785,-3.9099999999999824,92,100,8.03,RU,1612671187
clearwater,27.9659,-82.8001,73.00400000000005,94,31,5.14,US,1612670957
forio,40.7342,13.8646,62.00600000000003,77,75,3.13,IT,1612671247
zeerust,-25.5369,26.0751,64.4,100,75,3.09,ZA,1612671248
pisco,-13.7,-76.2167,71.6,78,75,0.51,PE,1612670952
iranshahr,27.2025,60.6848,51.8,30,0,3.09,IR,1612671212
wanning,18.8003,110.3967,75.12800000000007,66,14,3.36,CN,1612670674
sao felix do xingu,-6.6447,-51.995,72.82400000000001,94,100,0.45,BR,1612671250
calbuco,-41.768,-73.1273,53.6,82,0,4.66,CL,1612671250
yerbogachen,61.2767,108.0108,2.966000000000008,93,100,4.71,RU,1612670656
sao joao do piaui,-8.3581,-42.2467,72.89600000000004,83,100,0.77,BR,1612671251
hohhot,40.8106,111.6522,24.8,42,0,3.0,CN,1612671204
hambantota,6.1241,81.1185,78.8,94,0,3.6,LK,1612671252
marystown,47.1666,-55.1483,34.412000000000056,88,96,10.95,CA,1612671253
la palma,33.8464,-118.0467,59.0,72,1,1.67,US,1612671253
bilma,18.6853,12.9164,60.15200000000008,29,4,3.39,NE,1612670908
usinsk,65.9939,57.5281,-32.601999999999975,81,98,6.33,RU,1612670658
damnagar,21.7,71.5167,59.0,67,0,2.06,IN,1612671256
salinas,36.6777,-121.6555,53.6,82,1,0.86,US,1612671165
ewa beach,21.3156,-158.0072,78.00800000000001,49,1,5.14,US,1612671257
collie,-33.3667,116.15,60.008,89,96,2.24,AU,1612671258
natchez,31.5604,-91.4032,50.0,93,90,5.14,US,1612671258
yataity,-26.3667,-56.0667,61.16000000000008,87,0,1.42,PY,1612671259
diamantina,-18.2494,-43.6003,63.338000000000044,100,100,2.97,BR,1612671259
pacifica,37.6138,-122.4869,55.004000000000055,71,20,4.63,US,1612671260
gushikawa,26.3544,127.8686,71.6,64,75,4.12,JP,1612671260
beloha,-25.1667,45.05,77.30600000000003,84,26,2.41,MG,1612671261
campo formoso,-10.5075,-40.3214,70.592,82,67,1.03,BR,1612671261
tilichiki,60.4667,166.1,18.248000000000026,89,100,7.46,RU,1612671203
kiama,-34.6833,150.8667,75.2,60,75,6.17,AU,1612671263
george,-33.963,22.4617,62.6,88,20,3.09,ZA,1612671263
alice,27.7523,-98.0697,59.0,51,1,4.63,US,1612671264
youghal,51.95,-7.8506,39.00200000000008,87,20,4.12,IE,1612671264
pasighat,28.0667,95.3333,74.35400000000006,23,9,1.21,IN,1612671265
guardiagrele,42.1954,14.2198,48.2,100,90,2.06,IT,1612671266
sistranda,63.7256,8.834,21.2,86,20,6.17,NO,1612670970
villeneuve-loubet,43.6666,7.1204,59.0,77,75,5.14,FR,1612671267
sibolga,1.7427,98.7792,87.38600000000007,55,25,1.72,ID,1612671267
san juan,-31.5375,-68.5364,82.50800000000001,34,0,4.1,AR,1612671268
